-- phpMyAdmin SQL Dump
-- version 5.0.1
-- https://www.phpmyadmin.net/
--
-- Host: 127.0.0.1:3307
-- Waktu pembuatan: 11 Agu 2023 pada 05.25
-- Versi server: 10.4.11-MariaDB
-- Versi PHP: 7.4.3

SET SQL_MODE = "NO_AUTO_VALUE_ON_ZERO";
SET AUTOCOMMIT = 0;
START TRANSACTION;
SET time_zone = "+00:00";


/*!40101 SET @OLD_CHARACTER_SET_CLIENT=@@CHARACTER_SET_CLIENT */;
/*!40101 SET @OLD_CHARACTER_SET_RESULTS=@@CHARACTER_SET_RESULTS */;
/*!40101 SET @OLD_COLLATION_CONNECTION=@@COLLATION_CONNECTION */;
/*!40101 SET NAMES utf8mb4 */;

--
-- Database: `doilies`
--

-- --------------------------------------------------------

--
-- Struktur dari tabel `tbl_hak_akses`
--

CREATE TABLE `tbl_hak_akses` (
  `id` int(11) NOT NULL,
  `id_user_level` int(11) NOT NULL,
  `id_menu` int(11) NOT NULL
) ENGINE=InnoDB DEFAULT CHARSET=latin1;

--
-- Dumping data untuk tabel `tbl_hak_akses`
--

INSERT INTO `tbl_hak_akses` (`id`, `id_user_level`, `id_menu`) VALUES
(15, 1, 1),
(19, 1, 3),
(20, 1, 2),
(21, 2, 1),
(24, 1, 9),
(28, 2, 3);

-- --------------------------------------------------------

--
-- Struktur dari tabel `tbl_menu`
--

CREATE TABLE `tbl_menu` (
  `id_menu` int(11) NOT NULL,
  `title` varchar(50) NOT NULL,
  `url` varchar(30) NOT NULL,
  `icon` varchar(30) NOT NULL,
  `is_main_menu` int(11) NOT NULL,
  `is_aktif` enum('y','n') NOT NULL COMMENT 'y=yes,n=no'
) ENGINE=InnoDB DEFAULT CHARSET=latin1;

--
-- Dumping data untuk tabel `tbl_menu`
--

INSERT INTO `tbl_menu` (`id_menu`, `title`, `url`, `icon`, `is_main_menu`, `is_aktif`) VALUES
(1, 'KELOLA MENU', 'kelolamenu', 'fa fa-server', 0, 'y'),
(2, 'KELOLA PENGGUNA', 'user', 'fa fa-user-o', 0, 'y'),
(3, 'level PENGGUNA', 'userlevel', 'fa fa-users', 0, 'y'),
(4, 'Sample Menu', 'Sample Menu', 'fa fa-graduation-cap', 0, 'y'),
(5, 'Sample Menu', 'Sample Menu', 'fa fa-bed', 0, 'y'),
(6, 'Sample Menu', 'Sample Menu', 'fa-id-card', 0, 'y'),
(7, 'Sample Menu', 'Sample Menu', 'fa fa-area-chart', 0, 'y'),
(8, 'Sample Menu', 'Sample Menu', 'fa-id-card', 0, 'y'),
(9, 'Contoh Form', 'welcome/form', 'fa fa-id-card', 0, 'y');

-- --------------------------------------------------------

--
-- Struktur dari tabel `tbl_setting`
--

CREATE TABLE `tbl_setting` (
  `id_setting` int(11) NOT NULL,
  `nama_setting` varchar(50) NOT NULL,
  `value` varchar(40) NOT NULL
) ENGINE=InnoDB DEFAULT CHARSET=latin1;

--
-- Dumping data untuk tabel `tbl_setting`
--

INSERT INTO `tbl_setting` (`id_setting`, `nama_setting`, `value`) VALUES
(1, 'Tampil Menu', 'ya');

-- --------------------------------------------------------

--
-- Struktur dari tabel `tbl_user`
--

CREATE TABLE `tbl_user` (
  `id_users` int(11) NOT NULL,
  `full_name` varchar(50) NOT NULL,
  `username` varchar(20) NOT NULL,
  `email` varchar(50) NOT NULL,
  `password` varchar(50) NOT NULL,
  `images` text NOT NULL,
  `id_user_level` int(11) NOT NULL,
  `is_aktif` enum('y','n') NOT NULL
) ENGINE=InnoDB DEFAULT CHARSET=latin1;

--
-- Dumping data untuk tabel `tbl_user`
--

INSERT INTO `tbl_user` (`id_users`, `full_name`, `username`, `email`, `password`, `images`, `id_user_level`, `is_aktif`) VALUES
(1, 'Nuris Akbar M.Kom', 'nuris', 'nuris.akbar@gmail.com', 'e10adc3949ba59abbe56e057f20f883e', 'Cover_TIPSTRIK_codeigniter.jpg', 1, 'y'),
(3, 'Muhammad hafidz Muzaki', 'hafid', 'hafid2@gmail.com', 'e10adc3949ba59abbe56e057f20f883e', '7.png', 2, 'n'),
(4, 'Nurul Hidayat', 'dayat', 'dhayat000@gmail.com', 'e10adc3949ba59abbe56e057f20f883e', '', 1, 'y');

-- --------------------------------------------------------

--
-- Struktur dari tabel `tbl_user_level`
--

CREATE TABLE `tbl_user_level` (
  `id_user_level` int(11) NOT NULL,
  `nama_level` varchar(30) NOT NULL
) ENGINE=InnoDB DEFAULT CHARSET=latin1;

--
-- Dumping data untuk tabel `tbl_user_level`
--

INSERT INTO `tbl_user_level` (`id_user_level`, `nama_level`) VALUES
(1, 'Super Admin'),
(2, 'Admin');

--
-- Indexes for dumped tables
--

--
-- Indeks untuk tabel `tbl_hak_akses`
--
ALTER TABLE `tbl_hak_akses`
  ADD PRIMARY KEY (`id`);

--
-- Indeks untuk tabel `tbl_menu`
--
ALTER TABLE `tbl_menu`
  ADD PRIMARY KEY (`id_menu`);

--
-- Indeks untuk tabel `tbl_setting`
--
ALTER TABLE `tbl_setting`
  ADD PRIMARY KEY (`id_setting`);

--
-- Indeks untuk tabel `tbl_user`
--
ALTER TABLE `tbl_user`
  ADD PRIMARY KEY (`id_users`);

--
-- Indeks untuk tabel `tbl_user_level`
--
ALTER TABLE `tbl_user_level`
  ADD PRIMARY KEY (`id_user_level`);

--
-- AUTO_INCREMENT untuk tabel yang dibuang
--

--
-- AUTO_INCREMENT untuk tabel `tbl_hak_akses`
--
ALTER TABLE `tbl_hak_akses`
  MODIFY `id` int(11) NOT NULL AUTO_INCREMENT, AUTO_INCREMENT=29;

--
-- AUTO_INCREMENT untuk tabel `tbl_menu`
--
ALTER TABLE `tbl_menu`
  MODIFY `id_menu` int(11) NOT NULL AUTO_INCREMENT, AUTO_INCREMENT=10;

--
-- AUTO_INCREMENT untuk tabel `tbl_setting`
--
ALTER TABLE `tbl_setting`
  MODIFY `id_setting` int(11) NOT NULL AUTO_INCREMENT, AUTO_INCREMENT=2;

--
-- AUTO_INCREMENT untuk tabel `tbl_user`
--
ALTER TABLE `tbl_user`
  MODIFY `id_users` int(11) NOT NULL AUTO_INCREMENT, AUTO_INCREMENT=5;

--
-- AUTO_INCREMENT untuk tabel `tbl_user_level`
--
ALTER TABLE `tbl_user_level`
  MODIFY `id_user_level` int(11) NOT NULL AUTO_INCREMENT, AUTO_INCREMENT=3;
COMMIT;

/*!40101 SET CHARACTER_SET_CLIENT=@OLD_CHARACTER_SET_CLIENT */;
/*!40101 SET CHARACTER_SET_RESULTS=@OLD_CHARACTER_SET_RESULTS */;
/*!40101 SET COLLATION_CONNECTION=@OLD_COLLATION_CONNECTION */;
